team,year,new_coach
Alabama A&M,2012,Willie Hayes
Alcorn St.,2012,Luther Riley
Arkansas,2012,Mike Anderson
Bethune Cookman,2012,Gravelle Craig
Boston University,2012,Joe Jones
Bradley,2012,Geno Ford
Cal St. Bakersfield,2012,Rod Barnes
Colgate,2012,Matt Langel
Dayton,2012,Archie Miller
Eastern Michigan,2012,Rob Murphy
Eastern Washington,2012,Jim Hayford
Fairfield,2012,Sydney Johnson
Florida A&M,2012,Clemon Johnson
Florida Gulf Coast,2012,Andy Enfield
Fresno St.,2012,Rodney Terry
George Mason,2012,Paul Hewitt
George Washington,2012,Mike Lonergan
Georgia St.,2012,Ron Hunter
Georgia Tech,2012,Brian Gregory
IPFW,2012,Tony Jasick
IUPUI,2012,Todd Howard
Kennesaw St.,2012,Lewis Preston
Kent St.,2012,Rob Senderoff
Lamar,2012,Pat Knight
Louisiana Tech,2012,Michael White
Loyola Chicago,2012,Porter Moser
Manhattan,2012,Steve Masiello
Maryland,2012,Mark Turgeon
Miami FL,2012,Jim Larranaga
Missouri,2012,Frank Haith
Missouri St.,2012,Paul Lusk
Monmouth,2012,King Rice
Murray St.,2012,Steve Prohm
Navy,2012,Ed DeChellis
Nebraska Omaha,2012,Derrin Hansen
North Carolina St.,2012,Mark Gottfried
Northern Illinois,2012,Mark Montgomery
Oklahoma,2012,Lon Kruger
Penn St.,2012,Patrick Chambers
Pepperdine,2012,Marty Wilson
Princeton,2012,Mitch Henderson
Providence,2012,Ed Cooley
Radford,2012,Mike Jones
Southern,2012,Roman Banks
Stetson,2012,Casey Alexander
Tennessee,2012,Cuonzo Martin
Tennessee Tech,2012,Steve Payne
Texas A&M,2012,Billy Kennedy
Texas A&M Corpus Chris,2012,Willis Wilson
Texas Tech,2012,Billy Gillispie
Towson,2012,Pat Skerry
UC Davis,2012,Jim Les
UNLV,2012,Dave Rice
Utah,2012,Larry Krystkowiak
Valparaiso,2012,Bryce Drew
Vermont,2012,John Becker
Wyoming,2012,Larry Shyatt
Air Force,2013,Dave Pilipovich
Binghamton,2013,Tommy Dempsey
Brown,2013,Mike Martin
Cal St. Fullerton,2013,Andy Newman
Canisius,2013,Jim Baron
Central Michigan,2013,Keno Davis
College of Charleston,2013,Doug Wojcik
Colorado St.,2013,Larry Eustachy
Connecticut,2013,Kevin Ollie
Duquesne,2013,Jim Ferry
Eastern Illinois,2013,Jay Spoonhour
FIU,2013,Richard Pitino
Grambling St.,2013,Joseph Price
Idaho St.,2013,Bill Evans
Illinois,2013,John Groce
Illinois St.,2013,Dan Muller
Kansas St.,2013,Bruce Weber
LIU Brooklyn,2013,Jack Perri
LSU,2013,Johnny Jones
Miami OH,2013,John Cooper
Mississippi St.,2013,Rick Ray
Mississippi Valley St.,2013,Chico Potts
Morehead St.,2013,Sean Woods
Mount St. Mary's,2013,Jamion Christian
Nebraska,2013,Tim Miles
New Orleans,2013,Mark Slessinger
North Carolina A&T,2013,Cy Alexander
North Texas,2013,Tony Benford
Northern Arizona,2013,Jack Murphy
Northern Kentucky,2013,Dave Bezold
Ohio,2013,Jim Christian
Rhode Island,2013,Dan Hurley
Rider,2013,Kevin Baggett
SMU,2013,Larry Brown
Saint Louis,2013,Jim Crews
Samford,2013,Bennie Seltzer
South Carolina,2013,Frank Martin
Southern Illinois,2013,Barry Hinson
Southern Miss,2013,Donnie Tyndall
Southern Utah,2013,Nick Robinson
St. Francis PA,2013,Rob Krimmel
TCU,2013,Trent Johnson
Tennessee St.,2013,Travis Williams
Texas Southern,2013,Mike Davis
Texas Tech,2013,Chris Walker
Tulsa,2013,Danny Manning
UAB,2013,Jerod Haase
UMBC,2013,Aki Thomas
UNC Greensboro,2013,Wes Miller
Virginia Tech,2013,James Johnson
Wagner,2013,Bashir Mason
Western Kentucky,2013,Ray Harper
Winthrop,2013,Pat Kelsey
Abilene Christian,2014,Joe Golding
American,2014,Mike Brennan
Ball St.,2014,James Whitford
Buffalo,2014,Bobby Hurley
Butler,2014,Brandon Miller
Cal St. Fullerton,2014,Dedrique Taylor
Cal St. Northridge,2014,Reggie Theus
Campbell,2014,Kevin McGeehan
Central Arkansas,2014,Clarence Finley
Chattanooga,2014,Will Wade
Drake,2014,Ray Giacoletti
FIU,2014,Anthony Evans
Fairleigh Dickinson,2014,Greg Herenda
Florida Gulf Coast,2014,Joe Dooley
Furman,2014,Niko Medved
Gardner Webb,2014,Tim Craft
Georgia Southern,2014,Mark Byington
Grand Canyon,2014,Dan Majerle
Hofstra,2014,Joe Mihalich
Incarnate Word,2014,Ken Burmeister
Jackson St.,2014,Wayne Brent
Lipscomb,2014,Casey Alexander
Longwood,2014,Jayson Gee
Loyola MD,2014,G.G. Smith
Marist,2014,Jeff Bower
Minnesota,2014,Richard Pitino
New Mexico,2014,Craig Neal
Niagara,2014,Chris Casey
Norfolk St.,2014,Robert Jones
Northwestern,2014,Chris Collins
Old Dominion,2014,Jeff Jones
Pacific,2014,Ron Verlin
Rutgers,2014,Eddie Jordan
Sacred Heart,2014,Anthony Latina
San Jose St.,2014,Dave Wojcik
Siena,2014,Jimmy Patsos
South Alabama,2014,Matthew Graves
South Carolina St.,2014,Murray Garvin
South Dakota,2014,Joey James
Stephen F. Austin,2014,Brad Underwood
Stetson,2014,Corey Williams
Texas St.,2014,Danny Kaspar
Texas Tech,2014,Tubby Smith
Troy,2014,Phil Cunningham
UC Riverside,2014,Dennis Cutts
UCLA,2014,Steve Alford
UMKC,2014,Kareem Richardson
UMass Lowell,2014,Pat Duquette
UNC Asheville,2014,Nicholas McDevitt
USC,2014,Andy Enfield
UT Rio Grande Valley,2014,Dan Hipsher
Appalachian St.,2015,Jim Fox
Auburn,2015,Bruce Pearl
Boston College,2015,Jim Christian
Bowling Green,2015,Chris Jans
Butler,2015,Chris Holtmann
California,2015,Cuonzo Martin
Central Arkansas,2015,Russ Pennell
Charlotte,2015,Ryan Odom
College of Charleston,2015,Earl Grant
Coppin St.,2015,Michael Grant
Delaware St.,2015,Keith Walker
Florida A&M,2015,Byron Samuels
Florida Atlantic,2015,Michael Curry
Grambling St.,2015,Shawn Walker
Hawaii,2015,Benjy Taylor
Houston,2015,Kelvin Sampson
IPFW,2015,Jon Coffman
IUPUI,2015,Jason Gardner
Jacksonville,2015,Tony Jasick
Kennesaw St.,2015,Jimmy Lallathin
Lamar,2015,Tic Price
Loyola Marymount,2015,Mike Dunlap
Maine,2015,Bob Walsh
Marist,2015,Mike Maker
Marquette,2015,Steve Wojciechowski
Marshall,2015,Dan D'Antoni
Maryland Eastern Shore,2015,Bobby Collins
Mississippi Valley St.,2015,Andre Payne
Missouri,2015,Kim Anderson
Montana,2015,Travis DeCuire
Montana St.,2015,Brian Fish
North Dakota St.,2015,David Richman
Ohio,2015,Saul Phillips
Oregon St.,2015,Wayne Tinkle
Rice,2015,Mike Rhoades
Samford,2015,Scott Padgett
South Dakota,2015,Craig Smith
South Florida,2015,Orlando Antigua
Southeastern Louisiana,2015,Jay Ladner
Southern Miss,2015,Doc Sadler
Tennessee,2015,Donnie Tyndall
Tennessee Martin,2015,Heath Schroyer
Tennessee St.,2015,Dana Ford
Tulsa,2015,Frank Haith
UNC Wilmington,2015,Kevin Keatts
Virginia Tech,2015,Buzz Williams
Wake Forest,2015,Danny Manning
Washington St.,2015,Ernie Kent
Western Illinois,2015,Bill Wright
Alabama,2016,Avery Johnson
Alcorn St.,2016,Montez Robinson
Arizona St.,2016,Bobby Hurley
Bowling Green,2016,Michael Huger
Bradley,2016,Brian Wardle
Bucknell,2016,Nathan Davis
Buffalo,2016,Nate Oats
Charlotte,2016,Mark Price
Chattanooga,2016,Matt McCall
DePaul,2016,Dave Leitao
East Tennessee St.,2016,Steve Forbes
Eastern Kentucky,2016,Dan McHale
Florida,2016,Michael White
Fordham,2016,Jeff Neubauer
George Mason,2016,Dave Paulsen
Green Bay,2016,Linc Darner
Hawaii,2016,Eran Ganot
Holy Cross,2016,Bill Carmody
Illinois Chicago,2016,Steve McClain
Iowa St.,2016,Steve Prohm
Kennesaw St.,2016,Al Skinner
Liberty,2016,Ritchie McKay
Little Rock,2016,Chris Beard
Louisiana Tech,2016,Eric Konkol
Mississippi St.,2016,Ben Howland
Murray St.,2016,Matt McMahon
Nevada,2016,Eric Musselman
North Carolina A&T,2016,Jay Joyner
Northern Kentucky,2016,John Brannen
Penn,2016,Steve Donahue
Prairie View A&M,2016,Byron Smith
SIU Edwardsville,2016,Jon Harris
San Diego,2016,Lamont Smith
Southeast Missouri St.,2016,Rick Ray
St. John's,2016,Chris Mullin
Tennessee,2016,Rick Barnes
Texas,2016,Shaka Smart
The Citadel,2016,Duggar Baucom
UNLV,2016,Todd Simon
Utah St.,2016,Tim Duryea
Utah Valley,2016,Mark Pope
VCU,2016,Will Wade
VMI,2016,Dan Earl
Wisconsin,2016,Greg Gard
Arkansas St.,2017,Grant McCasland
Army,2017,Jimmy Allen
Canisius,2017,Reggie Witherspoon
Central Connecticut,2017,Donyell Marshall
Columbia,2017,Jim Engles
Cornell,2017,Brian Earl
Dartmouth,2017,David McLaughlin
Delaware,2017,Martin Ingelsby
Denver,2017,Rodney Billups
Detroit,2017,Bacari Alexander
Drake,2017,Jeff Rutter
Drexel,2017,Zach Spiker
Fort Wayne,2017,Jon Coffman
George Washington,2017,Maurice Joseph
Georgia Tech,2017,Josh Pastner
Jacksonville St.,2017,Ray Harper
James Madison,2017,Louis Rowe
Little Rock,2017,Wes Flanigan
Memphis,2017,Tubby Smith
Milwaukee,2017,LaVall Jordan
NJIT,2017,Brian Kennedy
New Mexico St.,2017,Paul Weir
Nicholls St.,2017,Richie Riley
Northern Colorado,2017,Jeff Linder
Oklahoma St.,2017,Brad Underwood
Pacific,2017,Damon Stoudamire
Pittsburgh,2017,Kevin Stallings
Portland,2017,Terry Porter
Rutgers,2017,Steve Pikiell
SMU,2017,Tim Jankovich
Saint Louis,2017,Travis Ford
San Francisco,2017,Kyle Smith
Santa Clara,2017,Herb Sendek
South Dakota St.,2017,T.J. Otzelberger
Southern Utah,2017,Todd Simon
Stanford,2017,Jerod Haase
Stephen F. Austin,2017,Kyle Keller
Stony Brook,2017,Jeff Boals
TCU,2017,Jamie Dixon
Tennessee Martin,2017,Anthony Stewart
Texas Tech,2017,Chris Beard
Tulane,2017,Mike Dunleavy
UAB,2017,Rob Ehsan
UCF,2017,Johnny Dawkins
UMBC,2017,Ryan Odom
UNLV,2017,Marvin Menzies
UT Rio Grande Valley,2017,Lew Hill
UTSA,2017,Steve Henson
Valparaiso,2017,Matt Lottich
Vanderbilt,2017,Bryce Drew
Western Kentucky,2017,Rick Stansbury
Wright St.,2017,Scott Nagy
Wyoming,2017,Allen Edwards
Akron,2018,John Groce
Alabama A&M,2018,Donnie Marsh
Arkansas St.,2018,Mike Balado
Austin Peay,2018,Matt Figger
Bethune Cookman,2018,Ryan Ridder
Butler,2018,LaVall Jordan
California,2018,Wyking Jones
Chattanooga,2018,Lamont Paris
Cleveland St.,2018,Dennis Felton
Coppin St.,2018,Juan Dixon
Dayton,2018,Anthony Grant
Drake,2018,Niko Medved
Duquesne,2018,Keith Dambrot
Eastern Washington,2018,Shantay Legans
Florida A&M,2018,Robert McCullum
Furman,2018,Bob Richey
Georgetown,2018,Patrick Ewing
Grambling St.,2018,Donte Jackson
Illinois,2018,Brad Underwood
Indiana,2018,Archie Miller
LIU Brooklyn,2018,Derek Kellogg
LSU,2018,Will Wade
Louisville,2018,David Padgett
Massachusetts,2018,Matt McCall
Miami OH,2018,Jack Owens
Milwaukee,2018,Pat Baldwin
Missouri,2018,Cuonzo Martin
Morehead St.,2018,Preston Spradlin
New Mexico,2018,Paul Weir
New Mexico St.,2018,Chris Jans
North Carolina St.,2018,Kevin Keatts
North Texas,2018,Grant McCasland
Ohio St.,2018,Chris Holtmann
Oklahoma St.,2018,Mike Boynton
Oral Roberts,2018,Paul Mills
Portland St.,2018,Barret Peery
Presbyterian,2018,Dustin Kerns
Quinnipiac,2018,Baker Dunleavy
Rice,2018,Scott Pera
San Diego St.,2018,Brian Dutcher
San Jose St.,2018,Jean Prioleau
Seattle,2018,Jim Hayford
South Florida,2018,Brian Gregory
Southern,2018,Morris Scott
UC Santa Barbara,2018,Joe Pasternack
UNC Wilmington,2018,C.B. McGrath
USC Upstate,2018,Kyle Perry
VCU,2018,Mike Rhoades
Washington,2018,Mike Hopkins
Youngstown St.,2018,Jerrod Calhoun
Alabama A&M,2019,Dylan Howart
Bryant,2019,Jared Grasso
Cal Baptist,2019,Rick Croy
Cal St. Northridge,2019,Mark Gottfried
Charlotte,2019,Ron Sanchez
Chicago St.,2019,Lance Irvin
Colorado St.,2019,Niko Medved
Connecticut,2019,Dan Hurley
Delaware St.,2019,Eric Skeeters
Detroit,2019,Mike Davis
Drake,2019,Darian DeVries
East Carolina,2019,Joe Dooley
Eastern Kentucky,2019,A.W. Hamilton
Evansville,2019,Walter McCarty
FIU,2019,Jeremy Ballard
Florida Atlantic,2019,Dusty May
Florida Gulf Coast,2019,Michael Fly
Fresno St.,2019,Justin Hutson
Georgia,2019,Tom Crean
High Point,2019,Tubby Smith
Incarnate Word,2019,Carson Cunningham
La Salle,2019,Ashley Howard
Little Rock,2019,Darrell Walker
Longwood,2019,Griff Aldrich
Louisville,2019,Chris Mack
Loyola MD,2019,Tavaras Hardy
Maine,2019,Richard Barron
Marist,2019,John Dunne
Maryland Eastern Shore,2019,Clifford Reed
McNeese St.,2019,Heath Schroyer
Memphis,2019,Penny Hardaway
Middle Tennessee,2019,Nicholas McDevitt
Mississippi,2019,Kermit Davis
Missouri St.,2019,Dana Ford
Mount St. Mary's,2019,Dan Engelstad
Nicholls St.,2019,Austin Claunch
North Alabama,2019,Tony Pujol
Pepperdine,2019,Lorenzo Romar
Pittsburgh,2019,Jeff Capel
Rhode Island,2019,David Cox
Saint Peter's,2019,Shaheen Holloway
San Diego,2019,Sam Scholl
Siena,2019,Jamion Christian
South Alabama,2019,Richie Riley
South Dakota,2019,Todd Lee
Southern,2019,Sean Woods
Tennessee St.,2019,Brian Collins
Texas Southern,2019,Johnny Jones
UC Riverside,2019,David Patrick
UCLA,2019,Murry Bartow
UNC Asheville,2019,Mike Morrell
USC Upstate,2019,Dave Dickerson
UT Arlington,2019,Chris Ogden
UTEP,2019,Rodney Terry
Utah St.,2019,Craig Smith
Western Carolina,2019,Mark Prosser
Xavier,2019,Travis Steele
Alabama,2020,Nate Oats
Appalachian St.,2020,Dustin Kerns
Arkansas,2020,Eric Musselman
BYU,2020,Mark Pope
Belmont,2020,Casey Alexander
Buffalo,2020,Jim Whitesell
Cal Poly,2020,John Smith
California,2020,Mark Fox
Cincinnati,2020,John Brannen
Cleveland St.,2020,Dennis Gates
Elon,2020,Mike Schrage
Evansville,2020,Todd Lickliter
Fairfield,2020,Jay Young
George Washington,2020,Jamion Christian
Georgia St.,2020,Rob Lanier
Holy Cross,2020,Brett Nelson
Howard,2020,Kenny Blakeney
IUPUI,2020,Byron Rimm
Idaho,2020,Zac Claus
Idaho St.,2020,Ryan Looney
Kennesaw St.,2020,Amir Abdur-Rahim
Lipscomb,2020,Lennie Acuff
Maryland Eastern Shore,2020,Jason Crafton
Mercer,2020,Greg Gary
Merrimack,2020,Joe Gallo
Michigan,2020,Juwan Howard
Mississippi Valley St.,2020,Lindsey Hunter
Montana St.,2020,Danny Sprinkle
Morgan St.,2020,Kevin Broadus
Nebraska,2020,Fred Hoiberg
Nevada,2020,Steve Alford
Niagara,2020,Greg Paulus
North Carolina A&T,2020,Will Jones
North Dakota,2020,Paul Sather
Northern Arizona,2020,Shane Burcar
Northern Kentucky,2020,Darrin Horn
Ohio,2020,Jeff Boals
Presbyterian,2020,Quinton Ferrell
SIU Edwardsville,2020,Brian Barone
Saint Joseph's,2020,Billy Lange
San Francisco,2020,Todd Golden
Siena,2020,Carmen Marciariello
South Dakota St.,2020,Eric Henderson
Southeastern Louisiana,2020,David Kiefer
Southern Illinois,2020,Bryan Mullins
Southern Miss,2020,Jay Ladner
St. John's,2020,Mike Anderson
Stetson,2020,Donnie Jones
Stony Brook,2020,Geno Ford
Temple,2020,Aaron McKie
Tennessee Tech,2020,John Pelphrey
Texas A&M,2020,Buzz Williams
Troy,2020,Scott Cross
Tulane,2020,Ron Hunter
UCLA,2020,Mick Cronin
UMKC,2020,Billy Donlon
UNLV,2020,T.J. Otzelberger
Utah Valley,2020,Mark Madsen
Vanderbilt,2020,Jerry Stackhouse
Virginia Tech,2020,Mike Young
Washington St.,2020,Kyle Smith
William & Mary,2020,Dane Fischer
Wofford,2020,Jay McAuley
Air Force,2021,Joe Scott
Alabama St.,2021,Mo Williams
Alcorn St.,2021,Landon Bussie
Bellarmine,2021,Scott Davenport
Central Arkansas,2021,Anthony Boone
East Tennessee St.,2021,Jason Shay
Georgia Southern,2021,Brian Burg
Grand Canyon,2021,Bryce Drew
Green Bay,2021,Will Ryan
Hofstra,2021,Mike Farrelly
Illinois Chicago,2021,Luke Yaklich
Iona,2021,Rick Pitino
James Madison,2021,Mark Byington
Loyola Marymount,2021,Stan Johnson
Northern Colorado,2021,Steve Smiley
Northern Illinois,2021,Lamar Chapman
Penn St.,2021,Jim Ferry
Samford,2021,Bucky McMillan
Southeast Missouri St.,2021,Brad Korn
Tarleton St.,2021,Billy Gillespie
Tennessee Martin,2021,Montez Robinson
Texas St.,2021,Terrence Johnson
UAB,2021,Andy Kennedy
UC Riverside,2021,Mike Magpayo
UC San Diego,2021,Eric Olen
UNC Wilmington,2021,Takayo Siddle
Utah Tech,2021,Jon Judkins
Wake Forest,2021,Steve Forbes
Western Illinois,2021,Rob Jeter
Western Michigan,2021,Clayton Bates
Wichita St.,2021,Isaac Brown
Wyoming,2021,Jeff Linder
Abilene Christian,2022,Brette Tanner
Albany,2022,Dwayne Killings
Arizona,2022,Tommy Lloyd
Arkansas Pine Bluff,2022,Solomon Bozeman
Austin Peay,2022,Nate James
Bethune Cookman,2022,Reggie Theus
Binghamton,2022,Levell Sanders
Boston College,2022,Earl Grant
Central Connecticut,2022,Patrick Sellers
Central Michigan,2022,Tony Barbee
Chicago St.,2022,Gerald Gillian
Cincinnati,2022,Wes Miller
College of Charleston,2022,Pat Kelsey
DePaul,2022,Tony Stubblefield
Delaware St.,2022,Stan Waterman
Denver,2022,Jeff Wulbrun
East Tennessee St.,2022,Desmond Oliver
Eastern Illinois,2022,Marty Simmons
Eastern Michigan,2022,Stan Heath
Eastern Washington,2022,David Riley
Fordham,2022,Kyle Neptune
George Mason,2022,Kim English
Hofstra,2022,Speedy Claxton
IUPUI,2022,Matt Crenshaw
Indiana,2022,Mike Woodson
Indiana St.,2022,Josh Schertz
Iowa St.,2022,T.J. Otzelberger
Jacksonville,2022,Jordan Mincy
Lamar,2022,Alvin Brooks
Loyola Chicago,2022,Drew Valentine
Marquette,2022,Shaka Smart
Maryland,2022,Danny Manning
McNeese St.,2022,John Aiken
Minnesota,2022,Ben Johnson
New Mexico,2022,Richard Pitino
North Carolina,2022,Hubert Davis
Northern Illinois,2022,Rashon Burno
Oklahoma,2022,Porter Moser
Pacific,2022,Leonard Perry
Penn St.,2022,Micah Shrewsberry
Portland,2022,Shantay Legans
Portland St.,2022,Jase Coburn
Radford,2022,Darris Nichols
Sacramento St.,2022,Brandon Laird
San Jose St.,2022,Tim Miles
Seattle,2022,Chris Victor
South Carolina St.,2022,Tony Madlock
St. Thomas,2022,Johnny Tauer
Tennessee Martin,2022,Ryan Ridder
Texas,2022,Chris Beard
Texas A&M Corpus Chris,2022,Steve Lutz
Texas Tech,2022,Mark Adams
UMBC,2022,Jim Ferry
UNC Greensboro,2022,Mike Jones
UNLV,2022,Kevin Kruger
UT Arlington,2022,Greg Young
UT Rio Grande Valley,2022,Matt Figger
UTEP,2022,Joe Golding
Utah,2022,Craig Smith
Utah St.,2022,Ryan Odom
Western Carolina,2022,Justin Gray
Winthrop,2022,Mark Prosser
Alabama A&M,2023,Otis Hughley Jr.
Alabama St.,2023,Tony Madlock
Ball St.,2023,Mike Lewis
Butler,2023,Thad Matta
Cal St. Northridge,2023,Trent Johnson
Chattanooga,2023,Dan Earl
Cleveland St.,2023,Daniyal Robinson
Davidson,2023,Matt McKillop
Duke,2023,Jon Scheyer
East Carolina,2023,Mike Schwartz
Elon,2023,Billy Taylor
Evansville,2023,David Ragland
Fairleigh Dickinson,2023,Tobin Anderson
Florida,2023,Todd Golden
Florida Gulf Coast,2023,Patrick Chambers
Fordham,2023,Keith Urgo
George Washington,2023,Chris Caputo
Georgia,2023,Michael White
Georgia St.,2023,Jonas Hayes
High Point,2023,G.G. Smith
Illinois St.,2023,Ryan Pedon
Jackson St.,2023,Mo Williams
Kansas St.,2023,Jerome Tang
LIU Brooklyn,2023,Rod Strickland
LSU,2023,Matt McMahon
La Salle,2023,Fran Dunphy
Lafayette,2023,Mike Jordan
Lindenwood,2023,Kyle Gerdeman
Louisiana Tech,2023,Talvin Hester
Louisville,2023,Kenny Payne
Maine,2023,Chris Markwood
Manhattan,2023,RaShawn Stores
Maryland,2023,Kevin Willard
Massachusetts,2023,Frank Martin
Miami OH,2023,Travis Steele
Milwaukee,2023,Bart Lundy
Mississippi St.,2023,Chris Jans
Mississippi Valley St.,2023,George Ivory
Missouri,2023,Dennis Gates
Murray St.,2023,Steve Prohm
Nebraska Omaha,2023,Chris Crutchfield
New Mexico St.,2023,Greg Heiar
North Carolina A&T,2023,Phillip Shumpert
Northwestern St.,2023,Corey Gipson
Queens,2023,Grant Leonard
Rhode Island,2023,Archie Miller
SMU,2023,Rob Lanier
Sacramento St.,2023,David Patrick
Saint Peter's,2023,Bashir Mason
San Diego,2023,Steve Lavin
San Francisco,2023,Chris Gerlufsen
Seton Hall,2023,Shaheen Holloway
South Carolina,2023,Lamont Paris
South Carolina St.,2023,Erik Martin
South Dakota,2023,Eric Peterson
Southern Indiana,2023,Stan Gouard
Stonehill,2023,Chris Kraus
Texas,2023,Rodney Terry
Texas A&M Commerce,2023,Jaret von Rosenberg
The Citadel,2023,Ed Conroy
Tulsa,2023,Eric Konkol
UMKC,2023,Marvin Menzies
VMI,2023,Andrew Wilson
Villanova,2023,Kyle Neptune
Wagner,2023,Donald Copeland
Weber St.,2023,Eric Duft
Western Michigan,2023,Dwayne Stephens
Wofford,2023,Dwight Perry
Xavier,2023,Sean Miller
American,2024,Duane Simpkins
Arkansas St.,2024,Brian Hodgson
Army,2024,Kevin Kuwik
Austin Peay,2024,Corey Gipson
Bowling Green,2024,Todd Simon
Bryant,2024,Phil Martelli Jr.
Bucknell,2024,John Griffin
Buffalo,2024,George Halcovage
Cal St. Northridge,2024,Andy Newman
California,2024,Mark Madsen
Charleston Southern,2024,Saah Nimley
Charlotte,2024,Aaron Fearne
Coastal Carolina,2024,Benny Moss
Coppin St.,2024,Larry Stewart
East Tennessee St.,2024,Brooks Savage
Fairfield,2024,Chris Casey
Fairleigh Dickinson,2024,Jack Castleberry
George Mason,2024,Tony Skinn
Georgetown,2024,Ed Cooley
Georgia Southern,2024,Charlie Henry
Georgia Tech,2024,Damon Stoudamire
Green Bay,2024,Sundance Wicks
High Point,2024,Alan Huss
Holy Cross,2024,Dave Paulsen
Idaho,2024,Alex Pribble
Incarnate Word,2024,Shane Heirman
Iona,2024,Tobin Anderson
Kennesaw St.,2024,Antoine Pettway
Lafayette,2024,Mike McGarvey
Le Moyne,2024,Nate Champion
Manhattan,2024,John Gallagher
McNeese St.,2024,Will Wade
Mississippi,2024,Chris Beard
Montana St.,2024,Matt Logie
NJIT,2024,Grant Billmeier
New Hampshire,2024,Nathan Davis
New Mexico St.,2024,Jason Hooten
Nicholls St.,2024,Tevon Saddler
North Carolina A&T,2024,Monte Ross
North Texas,2024,Ross Hodge
Northwestern St.,2024,Rick Cabrera
Notre Dame,2024,Micah Shrewsberry
Oral Roberts,2024,Russell Springmann
Penn St.,2024,Mike Rhoades
Providence,2024,Kim English
Quinnipiac,2024,Tom Pecora
Sam Houston St.,2024,Chris Mudge
South Florida,2024,Amir Abdur-Rahim
Southern,2024,Kevin Johnson
Southern Utah,2024,Rob Jeter
St. John's,2024,Rick Pitino
Syracuse,2024,Adrian Autry
Temple,2024,Adam Fisher
Texas A&M Corpus Chris,2024,Jim Shaw
Texas Tech,2024,Grant McCasland
UT Arlington,2024,KT Turner
Utah St.,2024,Danny Sprinkle
Utah Valley,2024,Todd Phillips
VCU,2024,Ryan Odom
Valparaiso,2024,Roger Powell Jr.
West Virginia,2024,Josh Eilert
Western Illinois,2024,Chad Boudreau
Western Kentucky,2024,Steve Lutz
Wichita St.,2024,Paul Mills
